Style_Change_Category,Specific_Change,Percentage_Experiencing,Timeline_Post_Engagement,Permanence_Rating,Investment_Level
Formality Level,Increased formal wear frequency,85,1-3 months,8,7
Formality Level,Business casual upgrade,72,2-6 months,7,6
Formality Level,Weekend attire elevation,68,3-12 months,6,5
Color Preferences,Shift to navy/gray dominance,78,1-2 months,9,5
Color Preferences,Reduced bold color choices,65,2-4 months,7,4
Color Preferences,Increased neutral palette,82,1-3 months,8,5
Fit Preferences,Preference for tailored fit,89,2-4 months,9,8
Fit Preferences,Investment in alterations,76,3-6 months,8,9
Fit Preferences,Focus on proper proportions,83,2-5 months,9,8
Brand Preferences,Move to premium brands,71,3-8 months,8,9
Brand Preferences,Quality over quantity mindset,88,2-6 months,9,8
Brand Preferences,Brand consistency seeking,69,4-12 months,7,7
Shopping Behavior,Joint shopping sessions,94,Immediate,6,4
Shopping Behavior,Longer decision timelines,81,1-2 months,8,5
Shopping Behavior,Budget planning integration,87,2-4 months,9,6
